{
    "matrices_as_column_major": true,
    "objects": [
        {
            "name": "spawn.001",
            "position": [
                21.197290420532227,
                21.197290420532227,
                1.2500004768371582
            ],
            "properties": {},
            "size": [
                0.9999999403953552,
                0.9999999403953552,
                1.0
            ],
            "transform": [
                0.7071067690849304,
                0.7071067690849304,
                0.0,
                0.0,
                -0.7071067690849304,
                0.7071067690849304,
                0.0,
                0.0,
                0.0,
                0.0,
                1.0,
                0.0,
                21.197290420532227,
                21.197290420532227,
                1.2500004768371582,
                1.0
            ],
            "transform_without_scale": [
                0.7071067690849304,
                0.7071067690849304,
                0.0,
                0.0,
                -0.7071067690849304,
                0.7071067690849304,
                0.0,
                0.0,
                0.0,
                0.0,
                1.0,
                0.0,
                21.197290420532227,
                21.197290420532227,
                1.2500004768371582,
                1.0
            ],
            "type": "PLAIN_AXES"
        },
        {
            "name": "kill_z.001",
            "position": [
                0.0,
                0.0,
                -72.40204620361328
            ],
            "properties": {},
            "size": [
                1.0,
                1.0,
                1.0
            ],
            "transform": [
                1.0,
                0.0,
                0.0,
                0.0,
                0.0,
                1.0,
                0.0,
                0.0,
                0.0,
                0.0,
                1.0,
                0.0,
                0.0,
                0.0,
                -72.40204620361328,
                1.0
            ],
            "transform_without_scale": [
                1.0,
                0.0,
                0.0,
                0.0,
                0.0,
                1.0,
                0.0,
                0.0,
                0.0,
                0.0,
                1.0,
                0.0,
                0.0,
                0.0,
                -72.40204620361328,
                1.0
            ],
            "type": "PLAIN_AXES"
        }
    ],
    "paths": [],
    "trigger_areas": [
        {
            "name": "goal.002",
            "position": [
                -18.69729232788086,
                -19.518634796142578,
                -66.24999237060547
            ],
            "properties": {},
            "size": [
                0.9999999403953552,
                0.9999999403953552,
                1.0
            ],
            "transform": [
                0.7071067690849304,
                -0.7071067690849304,
                0.0,
                0.0,
                0.7071067690849304,
                0.7071067690849304,
                0.0,
                0.0,
                0.0,
                0.0,
                1.0,
                0.0,
                -18.69729232788086,
                -19.518634796142578,
                -66.24999237060547,
                1.0
            ],
            "transform_without_scale": [
                0.7071067690849304,
                -0.7071067690849304,
                0.0,
                0.0,
                0.7071067690849304,
                0.7071067690849304,
                0.0,
                0.0,
                0.0,
                0.0,
                1.0,
                0.0,
                -18.69729232788086,
                -19.518634796142578,
                -66.24999237060547,
                1.0
            ],
            "type": "SPHERE"
        },
        {
            "name": "goal.002",
            "position": [
                18.69729232788086,
                19.518634796142578,
                -13.749996185302734
            ],
            "properties": {},
            "size": [
                1.0,
                1.0,
                1.0
            ],
            "transform": [
                4.887620548288396e-07,
                -1.0,
                0.0,
                0.0,
                1.0,
                4.887620548288396e-07,
                0.0,
                0.0,
                0.0,
                0.0,
                1.0,
                0.0,
                18.69729232788086,
                19.518634796142578,
                -13.749996185302734,
                1.0
            ],
            "transform_without_scale": [
                4.887620548288396e-07,
                -1.0,
                0.0,
                0.0,
                1.0,
                4.887620548288396e-07,
                0.0,
                0.0,
                0.0,
                0.0,
                1.0,
                0.0,
                18.69729232788086,
                19.518634796142578,
                -13.749996185302734,
                1.0
            ],
            "type": "SPHERE"
        }
    ]
}