{
    "matrices_as_column_major": true,
    "objects": [
        {
            "name": "spawn.001",
            "position": [
                0.0,
                -449.8463134765625,
                173.01004028320312
            ],
            "properties": {},
            "size": [
                1.0,
                1.0,
                1.0
            ],
            "transform": [
                1.0,
                0.0,
                0.0,
                0.0,
                0.0,
                1.0,
                0.0,
                0.0,
                0.0,
                0.0,
                1.0,
                0.0,
                0.0,
                -449.8463134765625,
                173.01004028320312,
                1.0
            ],
            "transform_without_scale": [
                1.0,
                0.0,
                0.0,
                0.0,
                0.0,
                1.0,
                0.0,
                0.0,
                0.0,
                0.0,
                1.0,
                0.0,
                0.0,
                -449.8463134765625,
                173.01004028320312,
                1.0
            ],
            "type": "PLAIN_AXES"
        },
        {
            "name": "kill_z.001",
            "position": [
                2.2938709662412293e-05,
                517.9762573242188,
                -232.74705505371094
            ],
            "properties": {},
            "size": [
                1.0,
                1.0,
                1.0
            ],
            "transform": [
                1.0,
                0.0,
                0.0,
                0.0,
                0.0,
                1.0,
                0.0,
                0.0,
                0.0,
                0.0,
                1.0,
                0.0,
                2.2938709662412293e-05,
                517.9762573242188,
                -232.74705505371094,
                1.0
            ],
            "transform_without_scale": [
                1.0,
                0.0,
                0.0,
                0.0,
                0.0,
                1.0,
                0.0,
                0.0,
                0.0,
                0.0,
                1.0,
                0.0,
                2.2938709662412293e-05,
                517.9762573242188,
                -232.74705505371094,
                1.0
            ],
            "type": "PLAIN_AXES"
        }
    ],
    "paths": [],
    "trigger_areas": [
        {
            "name": "goal.001",
            "position": [
                4.76837158203125e-07,
                470.0173645019531,
                -181.8057098388672
            ],
            "properties": {},
            "size": [
                1.0,
                0.9999999403953552,
                0.9999999403953552
            ],
            "transform": [
                1.0,
                0.0,
                0.0,
                0.0,
                0.0,
                0.9396926164627075,
                -0.34202009439468384,
                0.0,
                0.0,
                0.34202009439468384,
                0.9396926164627075,
                0.0,
                4.76837158203125e-07,
                470.0173645019531,
                -181.8057098388672,
                1.0
            ],
            "transform_without_scale": [
                1.0,
                0.0,
                0.0,
                0.0,
                0.0,
                0.9396926164627075,
                -0.34202009439468384,
                0.0,
                0.0,
                0.34202009439468384,
                0.9396926164627075,
                0.0,
                4.76837158203125e-07,
                470.0173645019531,
                -181.8057098388672,
                1.0
            ],
            "type": "SPHERE"
        }
    ]
}