{
    "matrices_as_column_major": true,
    "objects": [
        {
            "name": "kill_z.001",
            "position": [
                0.0,
                0.0,
                -31.993173599243164
            ],
            "properties": {},
            "size": [
                1.0,
                1.0,
                1.0
            ],
            "transform": [
                1.0,
                0.0,
                0.0,
                0.0,
                0.0,
                1.0,
                0.0,
                0.0,
                0.0,
                0.0,
                1.0,
                0.0,
                0.0,
                0.0,
                -31.993173599243164,
                1.0
            ],
            "transform_without_scale": [
                1.0,
                0.0,
                0.0,
                0.0,
                0.0,
                1.0,
                0.0,
                0.0,
                0.0,
                0.0,
                1.0,
                0.0,
                0.0,
                0.0,
                -31.993173599243164,
                1.0
            ],
            "type": "PLAIN_AXES"
        },
        {
            "name": "spawn.001",
            "position": [
                -3.232002927688882e-05,
                143.22352600097656,
                121.95092010498047
            ],
            "properties": {},
            "size": [
                1.0,
                1.0,
                1.0
            ],
            "transform": [
                1.0,
                0.0,
                0.0,
                0.0,
                0.0,
                1.0,
                0.0,
                0.0,
                0.0,
                0.0,
                1.0,
                0.0,
                -3.232002927688882e-05,
                143.22352600097656,
                121.95092010498047,
                1.0
            ],
            "transform_without_scale": [
                1.0,
                0.0,
                0.0,
                0.0,
                0.0,
                1.0,
                0.0,
                0.0,
                0.0,
                0.0,
                1.0,
                0.0,
                -3.232002927688882e-05,
                143.22352600097656,
                121.95092010498047,
                1.0
            ],
            "type": "PLAIN_AXES"
        }
    ],
    "paths": [],
    "trigger_areas": [
        {
            "name": "goal.002",
            "position": [
                4.401816113386303e-06,
                -50.35090637207031,
                -12.188714027404785
            ],
            "properties": {},
            "size": [
                1.0,
                1.0,
                1.0
            ],
            "transform": [
                1.0,
                0.0,
                0.0,
                0.0,
                0.0,
                1.0,
                0.0,
                0.0,
                0.0,
                0.0,
                1.0,
                0.0,
                4.401816113386303e-06,
                -50.35090637207031,
                -12.188714027404785,
                1.0
            ],
            "transform_without_scale": [
                1.0,
                0.0,
                0.0,
                0.0,
                0.0,
                1.0,
                0.0,
                0.0,
                0.0,
                0.0,
                1.0,
                0.0,
                4.401816113386303e-06,
                -50.35090637207031,
                -12.188714027404785,
                1.0
            ],
            "type": "SPHERE"
        },
        {
            "name": "goal.002",
            "position": [
                4.144555714447051e-05,
                -147.791748046875,
                -17.01186752319336
            ],
            "properties": {},
            "size": [
                1.0,
                0.9999999403953552,
                0.9999999403953552
            ],
            "transform": [
                1.0,
                0.0,
                0.0,
                0.0,
                0.0,
                0.9671152234077454,
                0.2543385624885559,
                0.0,
                0.0,
                -0.2543385624885559,
                0.9671152234077454,
                0.0,
                4.144555714447051e-05,
                -147.791748046875,
                -17.01186752319336,
                1.0
            ],
            "transform_without_scale": [
                1.0,
                0.0,
                0.0,
                0.0,
                0.0,
                0.9671152234077454,
                0.2543385624885559,
                0.0,
                0.0,
                -0.2543385624885559,
                0.9671152234077454,
                0.0,
                4.144555714447051e-05,
                -147.791748046875,
                -17.01186752319336,
                1.0
            ],
            "type": "SPHERE"
        }
    ]
}