{
    "matrices_as_column_major": true,
    "objects": [
        {
            "name": "kill_z.001",
            "position": [
                0.0,
                0.0,
                -7.663331508636475
            ],
            "properties": {},
            "size": [
                1.0,
                1.0,
                1.0
            ],
            "transform": [
                1.0,
                0.0,
                0.0,
                0.0,
                0.0,
                1.0,
                0.0,
                0.0,
                0.0,
                0.0,
                1.0,
                0.0,
                0.0,
                0.0,
                -7.663331508636475,
                1.0
            ],
            "transform_without_scale": [
                1.0,
                0.0,
                0.0,
                0.0,
                0.0,
                1.0,
                0.0,
                0.0,
                0.0,
                0.0,
                1.0,
                0.0,
                0.0,
                0.0,
                -7.663331508636475,
                1.0
            ],
            "type": "PLAIN_AXES"
        },
        {
            "name": "spawn.001",
            "position": [
                -0.7521316409111023,
                42.912532806396484,
                0.5033349990844727
            ],
            "properties": {},
            "size": [
                1.0,
                1.0,
                1.0
            ],
            "transform": [
                0.9570984840393066,
                -0.28976282477378845,
                0.0,
                0.0,
                0.28976282477378845,
                0.9570984840393066,
                0.0,
                0.0,
                0.0,
                0.0,
                1.0,
                0.0,
                -0.7521316409111023,
                42.912532806396484,
                0.5033349990844727,
                1.0
            ],
            "transform_without_scale": [
                0.9570984840393066,
                -0.28976282477378845,
                0.0,
                0.0,
                0.28976282477378845,
                0.9570984840393066,
                0.0,
                0.0,
                0.0,
                0.0,
                1.0,
                0.0,
                -0.7521316409111023,
                42.912532806396484,
                0.5033349990844727,
                1.0
            ],
            "type": "PLAIN_AXES"
        }
    ],
    "paths": [
        {
            "name": "BezierCurve.004",
            "points": [
                {
                    "handle_left": [
                        -0.9626290798187256,
                        0.0,
                        0.0
                    ],
                    "handle_right": [
                        0.0,
                        0.0,
                        0.0
                    ],
                    "position": [
                        -0.6417527198791504,
                        0.0,
                        0.0
                    ]
                },
                {
                    "handle_left": [
                        0.0,
                        0.0,
                        0.0
                    ],
                    "handle_right": [
                        1.2835054397583008,
                        0.0,
                        0.0
                    ],
                    "position": [
                        0.6417527198791504,
                        0.0,
                        0.0
                    ]
                }
            ],
            "properties": {},
            "type": "BEZIER"
        },
        {
            "name": "BezierCurve.005",
            "points": [
                {
                    "handle_left": [
                        -0.9626290798187256,
                        0.0,
                        0.0
                    ],
                    "handle_right": [
                        0.0,
                        0.0,
                        0.0
                    ],
                    "position": [
                        -0.6417527198791504,
                        0.0,
                        0.0
                    ]
                },
                {
                    "handle_left": [
                        0.0,
                        0.0,
                        0.0
                    ],
                    "handle_right": [
                        1.2835054397583008,
                        0.0,
                        0.0
                    ],
                    "position": [
                        0.6417527198791504,
                        0.0,
                        0.0
                    ]
                }
            ],
            "properties": {},
            "type": "BEZIER"
        }
    ],
    "trigger_areas": [
        {
            "name": "goal.002",
            "position": [
                2.583831787109375,
                -54.33860778808594,
                8.491609573364258
            ],
            "properties": {},
            "size": [
                0.9999999403953552,
                0.9999999403953552,
                1.0
            ],
            "transform": [
                0.6822723746299744,
                -0.7310980558395386,
                0.0,
                0.0,
                0.7310980558395386,
                0.6822723746299744,
                0.0,
                0.0,
                0.0,
                0.0,
                1.0,
                0.0,
                2.583831787109375,
                -54.33860778808594,
                8.491609573364258,
                1.0
            ],
            "transform_without_scale": [
                0.6822723746299744,
                -0.7310980558395386,
                0.0,
                0.0,
                0.7310980558395386,
                0.6822723746299744,
                0.0,
                0.0,
                0.0,
                0.0,
                1.0,
                0.0,
                2.583831787109375,
                -54.33860778808594,
                8.491609573364258,
                1.0
            ],
            "type": "SPHERE"
        },
        {
            "name": "goal.002",
            "position": [
                1.2435599565505981,
                -52.731815338134766,
                0.503335177898407
            ],
            "properties": {},
            "size": [
                1.0,
                1.0,
                1.0
            ],
            "transform": [
                0.966922402381897,
                -0.2550707161426544,
                0.0,
                0.0,
                0.2550707161426544,
                0.966922402381897,
                0.0,
                0.0,
                0.0,
                0.0,
                1.0,
                0.0,
                1.2435599565505981,
                -52.731815338134766,
                0.503335177898407,
                1.0
            ],
            "transform_without_scale": [
                0.966922402381897,
                -0.2550707161426544,
                0.0,
                0.0,
                0.2550707161426544,
                0.966922402381897,
                0.0,
                0.0,
                0.0,
                0.0,
                1.0,
                0.0,
                1.2435599565505981,
                -52.731815338134766,
                0.503335177898407,
                1.0
            ],
            "type": "SPHERE"
        }
    ]
}